{
  "train": {
    "split_name": "train",
    "total_samples": 2634,
    "sentiment_distribution": {
      "neutral": 2058,
      "negative": 389,
      "positive": 187
    },
    "category_distribution": {
      "autre": 1182,
      "question": 689,
      "technique": 183,
      "réseau": 161,
      "compliment": 160,
      "abonnement": 142,
      "facturation": 106,
      "réclamation": 11
    },
    "priority_distribution": {
      "basse": 1987,
      "haute": 369,
      "moyenne": 162,
      "critique": 116
    },
    "urgent_tweets": "485",
    "needs_response_tweets": "2474",
    "avg_text_length": 154.04214123006832,
    "unique_authors": 1948,
    "sentiment_percentages": {
      "neutral": 78.13211845102505,
      "negative": 14.768413059984814,
      "positive": 7.099468488990129
    },
    "category_percentages": {
      "autre": 44.874715261959,
      "question": 26.15793470007593,
      "technique": 6.947608200455581,
      "réseau": 6.112376613515566,
      "compliment": 6.074411541381928,
      "abonnement": 5.3910402429764614,
      "facturation": 4.024297646165528,
      "réclamation": 0.4176157934700076
    },
    "priority_percentages": {
      "basse": 75.43659832953684,
      "haute": 14.009111617312072,
      "moyenne": 6.150341685649203,
      "critique": 4.403948367501898
    }
  },
  "validation": {
    "split_name": "validation",
    "total_samples": 377,
    "sentiment_distribution": {
      "neutral": 310,
      "negative": 49,
      "positive": 18
    },
    "category_distribution": {
      "autre": 188,
      "question": 96,
      "technique": 30,
      "réseau": 22,
      "compliment": 18,
      "abonnement": 14,
      "facturation": 9
    },
    "priority_distribution": {
      "basse": 292,
      "haute": 47,
      "moyenne": 25,
      "critique": 13
    },
    "urgent_tweets": "60",
    "needs_response_tweets": "359",
    "avg_text_length": 149.26525198938992,
    "unique_authors": 298,
    "sentiment_percentages": {
      "neutral": 82.22811671087533,
      "negative": 12.9973474801061,
      "positive": 4.774535809018567
    },
    "category_percentages": {
      "autre": 49.86737400530504,
      "question": 25.46419098143236,
      "technique": 7.957559681697612,
      "réseau": 5.835543766578249,
      "compliment": 4.774535809018567,
      "abonnement": 3.7135278514588856,
      "facturation": 2.3872679045092835
    },
    "priority_percentages": {
      "basse": 77.45358090185677,
      "haute": 12.46684350132626,
      "moyenne": 6.631299734748011,
      "critique": 3.4482758620689653
    }
  },
  "test": {
    "split_name": "test",
    "total_samples": 753,
    "sentiment_distribution": {
      "neutral": 580,
      "negative": 107,
      "positive": 66
    },
    "category_distribution": {
      "autre": 357,
      "question": 195,
      "technique": 56,
      "compliment": 48,
      "abonnement": 36,
      "réseau": 36,
      "facturation": 23,
      "réclamation": 2
    },
    "priority_distribution": {
      "basse": 577,
      "haute": 94,
      "moyenne": 51,
      "critique": 31
    },
    "urgent_tweets": "125",
    "needs_response_tweets": "705",
    "avg_text_length": 150.51660026560424,
    "unique_authors": 578,
    "sentiment_percentages": {
      "neutral": 77.02523240371846,
      "negative": 14.209827357237717,
      "positive": 8.764940239043826
    },
    "category_percentages": {
      "autre": 47.410358565737056,
      "question": 25.89641434262948,
      "technique": 7.436918990703852,
      "compliment": 6.374501992031872,
      "abonnement": 4.780876494023905,
      "réseau": 4.780876494023905,
      "facturation": 3.054448871181939,
      "réclamation": 0.2656042496679947
    },
    "priority_percentages": {
      "basse": 76.62682602921646,
      "haute": 12.48339973439575,
      "moyenne": 6.772908366533864,
      "critique": 4.116865869853918
    }
  }
}